,continet,country,year,geotype,res,link,imageurl,imagesize
0,Africa,Algeria,2020,Population,100m,https://hub.worldpop.org/geodata/summary?id=49737,https://data.worldpop.org/GIS/Population/Global_2000_2020_Constrained/2020/BSGM/DZA/dza_ppp_2020_constrained.tif,30.25
1,Africa,Angola,2020,Population,100m,https://hub.worldpop.org/geodata/summary?id=49623,https://data.worldpop.org/GIS/Population/Global_2000_2020_Constrained/2020/maxar_v1/AGO/ago_ppp_2020_constrained.tif,24.54
2,Africa,Benin,2020,Population,100m,https://hub.worldpop.org/geodata/summary?id=49633,https://data.worldpop.org/GIS/Population/Global_2000_2020_Constrained/2020/maxar_v1/BEN/ben_ppp_2020_constrained.tif,6.72
3,Africa,Botswana,2020,Population,100m,https://hub.worldpop.org/geodata/summary?id=49624,https://data.worldpop.org/GIS/Population/Global_2000_2020_Constrained/2020/maxar_v1/BWA/bwa_ppp_2020_constrained.tif,10.98
4,Africa,Burkina Faso,2020,Population,100m,https://hub.worldpop.org/geodata/summary?id=49672,https://data.worldpop.org/GIS/Population/Global_2000_2020_Constrained/2020/maxar_v1/BFA/bfa_ppp_2020_constrained.tif,15.37
5,Africa,Burundi,2020,Population,100m,https://hub.worldpop.org/geodata/summary?id=49625,https://data.worldpop.org/GIS/Population/Global_2000_2020_Constrained/2020/maxar_v1/BDI/bdi_ppp_2020_constrained.tif,4.32
6,Africa,Cameroon,2020,Population,100m,https://hub.worldpop.org/geodata/summary?id=49626,https://data.worldpop.org/GIS/Population/Global_2000_2020_Constrained/2020/maxar_v1/CMR/cmr_ppp_2020_constrained.tif,16.09
7,Africa,Cape Verde,2020,Population,100m,https://hub.worldpop.org/geodata/summary?id=49627,https://data.worldpop.org/GIS/Population/Global_2000_2020_Constrained/2020/maxar_v1/CPV/cpv_ppp_2020_constrained.tif,1.24
8,Africa,Central African Repu,2020,Population,100m,https://hub.worldpop.org/geodata/summary?id=49628,https://data.worldpop.org/GIS/Population/Global_2000_2020_Constrained/2020/maxar_v1/CAF/caf_ppp_2020_constrained.tif,10.13
9,Africa,Chad,2020,Population,100m,https://hub.worldpop.org/geodata/summary?id=49629,https://data.worldpop.org/GIS/Population/Global_2000_2020_Constrained/2020/maxar_v1/TCD/tcd_ppp_2020_constrained.tif,23.0
10,Africa,Comoros,2020,Population,100m,https://hub.worldpop.org/geodata/summary?id=49630,https://data.worldpop.org/GIS/Population/Global_2000_2020_Constrained/2020/maxar_v1/COM/com_ppp_2020_constrained.tif,0.41
11,Africa,Cote d'Ivoire,2020,Population,100m,https://hub.worldpop.org/geodata/summary?id=49642,https://data.worldpop.org/GIS/Population/Global_2000_2020_Constrained/2020/maxar_v1/CIV/civ_ppp_2020_constrained.tif,10.6
12,Africa,Djibouti,2020,Population,100m,https://hub.worldpop.org/geodata/summary?id=49637,https://data.worldpop.org/GIS/Population/Global_2000_2020_Constrained/2020/maxar_v1/DJI/dji_ppp_2020_constrained.tif,0.69
13,Africa,DRC,2020,Population,100m,https://hub.worldpop.org/geodata/summary?id=49632,https://data.worldpop.org/GIS/Population/Global_2000_2020_Constrained/2020/maxar_v1/COD/cod_ppp_2020_constrained.tif,45.37
14,Africa,Egypt,2020,Population,100m,https://hub.worldpop.org/geodata/summary?id=49902,https://data.worldpop.org/GIS/Population/Global_2000_2020_Constrained/2020/BSGM/EGY/egy_ppp_2020_constrained.tif,19.23
15,Africa,Equatorial Guinea,2020,Population,100m,https://hub.worldpop.org/geodata/summary?id=49634,https://data.worldpop.org/GIS/Population/Global_2000_2020_Constrained/2020/maxar_v1/GNQ/gnq_ppp_2020_constrained.tif,3.58
16,Africa,Eritrea,2020,Population,100m,https://hub.worldpop.org/geodata/summary?id=49636,https://data.worldpop.org/GIS/Population/Global_2000_2020_Constrained/2020/maxar_v1/ERI/eri_ppp_2020_constrained.tif,5.63
17,Africa,Eswatini,2020,Population,100m,https://hub.worldpop.org/geodata/summary?id=49668,https://data.worldpop.org/GIS/Population/Global_2000_2020_Constrained/2020/maxar_v1/SWZ/swz_ppp_2020_constrained.tif,1.57
18,Africa,Ethiopia,2020,Population,100m,https://hub.worldpop.org/geodata/summary?id=49635,https://data.worldpop.org/GIS/Population/Global_2000_2020_Constrained/2020/maxar_v1/ETH/eth_ppp_2020_constrained.tif,61.53
19,Africa,Gabon,2020,Population,100m,https://hub.worldpop.org/geodata/summary?id=49638,https://data.worldpop.org/GIS/Population/Global_2000_2020_Constrained/2020/maxar_v1/GAB/gab_ppp_2020_constrained.tif,4.58
20,Africa,Gambia,2020,Population,100m,https://hub.worldpop.org/geodata/summary?id=49639,https://data.worldpop.org/GIS/Population/Global_2000_2020_Constrained/2020/maxar_v1/GMB/gmb_ppp_2020_constrained.tif,0.72
21,Africa,Ghana,2020,Population,100m,https://hub.worldpop.org/geodata/summary?id=49640,https://data.worldpop.org/GIS/Population/Global_2000_2020_Constrained/2020/maxar_v1/GHA/gha_ppp_2020_constrained.tif,11.33
22,Africa,Guinea,2020,Population,100m,https://hub.worldpop.org/geodata/summary?id=49641,https://data.worldpop.org/GIS/Population/Global_2000_2020_Constrained/2020/maxar_v1/GIN/gin_ppp_2020_constrained.tif,8.59
23,Africa,Guinea-Bissau,2020,Population,100m,https://hub.worldpop.org/geodata/summary?id=49655,https://data.worldpop.org/GIS/Population/Global_2000_2020_Constrained/2020/maxar_v1/GNB/gnb_ppp_2020_constrained.tif,1.28
24,Africa,Kenya,2020,Population,100m,https://hub.worldpop.org/geodata/summary?id=49643,https://data.worldpop.org/GIS/Population/Global_2000_2020_Constrained/2020/maxar_v1/KEN/ken_ppp_2020_constrained.tif,32.94
25,Africa,Lesotho,2020,Population,100m,https://hub.worldpop.org/geodata/summary?id=49644,https://data.worldpop.org/GIS/Population/Global_2000_2020_Constrained/2020/maxar_v1/LSO/lso_ppp_2020_constrained.tif,2.11
26,Africa,Liberia,2020,Population,100m,https://hub.worldpop.org/geodata/summary?id=49645,https://data.worldpop.org/GIS/Population/Global_2000_2020_Constrained/2020/maxar_v1/LBR/lbr_ppp_2020_constrained.tif,3.21
27,Africa,Libya,2020,Population,100m,https://hub.worldpop.org/geodata/summary?id=49821,https://data.worldpop.org/GIS/Population/Global_2000_2020_Constrained/2020/BSGM/LBY/lby_ppp_2020_constrained.tif,17.9
28,Africa,Madagascar,2020,Population,100m,https://hub.worldpop.org/geodata/summary?id=49646,https://data.worldpop.org/GIS/Population/Global_2000_2020_Constrained/2020/maxar_v1/MDG/mdg_ppp_2020_constrained.tif,22.49
29,Africa,Malawi,2020,Population,100m,https://hub.worldpop.org/geodata/summary?id=49647,https://data.worldpop.org/GIS/Population/Global_2000_2020_Constrained/2020/maxar_v1/MWI/mwi_ppp_2020_constrained.tif,11.33
30,Africa,Mali,2020,Population,100m,https://hub.worldpop.org/geodata/summary?id=49648,https://data.worldpop.org/GIS/Population/Global_2000_2020_Constrained/2020/maxar_v1/MLI/mli_ppp_2020_constrained.tif,26.38
31,Africa,Mauritania,2020,Population,100m,https://hub.worldpop.org/geodata/summary?id=49649,https://data.worldpop.org/GIS/Population/Global_2000_2020_Constrained/2020/maxar_v1/MRT/mrt_ppp_2020_constrained.tif,14.33
32,Africa,Mauritius,2020,Population,100m,https://hub.worldpop.org/geodata/summary?id=49650,https://data.worldpop.org/GIS/Population/Global_2000_2020_Constrained/2020/maxar_v1/MUS/mus_ppp_2020_constrained.tif,7.53
33,Africa,Mayotte,2020,Population,100m,https://hub.worldpop.org/geodata/summary?id=49766,https://data.worldpop.org/GIS/Population/Global_2000_2020_Constrained/2020/BSGM/MYT/myt_ppp_2020_constrained.tif,0.04
34,Africa,Morocco,2020,Population,100m,https://hub.worldpop.org/geodata/summary?id=49836,https://data.worldpop.org/GIS/Population/Global_2000_2020_Constrained/2020/BSGM/MAR/mar_ppp_2020_constrained.tif,13.87
35,Africa,Mozambique,2020,Population,100m,https://hub.worldpop.org/geodata/summary?id=49651,https://data.worldpop.org/GIS/Population/Global_2000_2020_Constrained/2020/maxar_v1/MOZ/moz_ppp_2020_constrained.tif,38.11
36,Africa,Namibia,2020,Population,100m,https://hub.worldpop.org/geodata/summary?id=49652,https://data.worldpop.org/GIS/Population/Global_2000_2020_Constrained/2020/maxar_v1/NAM/nam_ppp_2020_constrained.tif,15.94
37,Africa,Niger,2020,Population,100m,https://hub.worldpop.org/geodata/summary?id=49653,https://data.worldpop.org/GIS/Population/Global_2000_2020_Constrained/2020/maxar_v1/NER/ner_ppp_2020_constrained.tif,20.79
38,Africa,Nigeria,2020,Population,100m,https://hub.worldpop.org/geodata/summary?id=49654,https://data.worldpop.org/GIS/Population/Global_2000_2020_Constrained/2020/maxar_v1/NGA/nga_ppp_2020_constrained.tif,50.0
39,Africa,Rep. Congo,2020,Population,100m,https://hub.worldpop.org/geodata/summary?id=49631,https://data.worldpop.org/GIS/Population/Global_2000_2020_Constrained/2020/maxar_v1/COG/cog_ppp_2020_constrained.tif,7.47
40,Africa,RÃ©union,2020,Population,100m,https://hub.worldpop.org/geodata/summary?id=49656,https://data.worldpop.org/GIS/Population/Global_2000_2020_Constrained/2020/maxar_v1/REU/reu_ppp_2020_constrained.tif,0.37
41,Africa,Rwanda,2020,Population,100m,https://hub.worldpop.org/geodata/summary?id=49657,https://data.worldpop.org/GIS/Population/Global_2000_2020_Constrained/2020/maxar_v1/RWA/rwa_ppp_2020_constrained.tif,4.63
42,Africa,"Saint Helena, Ascens",2020,Population,100m,https://hub.worldpop.org/geodata/summary?id=49869,https://data.worldpop.org/GIS/Population/Global_2000_2020_Constrained/2020/BSGM/SHN/shn_ppp_2020_constrained.tif,26.1
43,Africa,Sao Tome and Princip,2020,Population,100m,https://hub.worldpop.org/geodata/summary?id=49658,https://data.worldpop.org/GIS/Population/Global_2000_2020_Constrained/2020/maxar_v1/STP/stp_ppp_2020_constrained.tif,0.49
44,Africa,Senegal,2020,Population,100m,https://hub.worldpop.org/geodata/summary?id=49659,https://data.worldpop.org/GIS/Population/Global_2000_2020_Constrained/2020/maxar_v1/SEN/sen_ppp_2020_constrained.tif,6.45
45,Africa,Seychelles,2020,Population,100m,https://hub.worldpop.org/geodata/summary?id=49660,https://data.worldpop.org/GIS/Population/Global_2000_2020_Constrained/2020/maxar_v1/SYC/syc_ppp_2020_constrained.tif,5.67
46,Africa,Sierra Leone,2020,Population,100m,https://hub.worldpop.org/geodata/summary?id=49661,https://data.worldpop.org/GIS/Population/Global_2000_2020_Constrained/2020/maxar_v1/SLE/sle_ppp_2020_constrained.tif,2.49
47,Africa,Somalia,2020,Population,100m,https://hub.worldpop.org/geodata/summary?id=49662,https://data.worldpop.org/GIS/Population/Global_2000_2020_Constrained/2020/maxar_v1/SOM/som_ppp_2020_constrained.tif,16.52
48,Africa,South Africa,2020,Population,100m,https://hub.worldpop.org/geodata/summary?id=49663,https://data.worldpop.org/GIS/Population/Global_2000_2020_Constrained/2020/maxar_v1/ZAF/zaf_ppp_2020_constrained.tif,63.88
49,Africa,South Sudan,2020,Population,100m,https://hub.worldpop.org/geodata/summary?id=49665,https://data.worldpop.org/GIS/Population/Global_2000_2020_Constrained/2020/maxar_v1/SSD/ssd_ppp_2020_constrained.tif,14.56
50,Africa,Sudan,2020,Population,100m,https://hub.worldpop.org/geodata/summary?id=49666,https://data.worldpop.org/GIS/Population/Global_2000_2020_Constrained/2020/maxar_v1/SDN/sdn_ppp_2020_constrained.tif,32.86
51,Africa,Tanzania,2020,Population,100m,https://hub.worldpop.org/geodata/summary?id=49671,https://data.worldpop.org/GIS/Population/Global_2000_2020_Constrained/2020/maxar_v1/TZA/tza_ppp_2020_constrained.tif,42.08
52,Africa,Togo,2020,Population,100m,https://hub.worldpop.org/geodata/summary?id=49669,https://data.worldpop.org/GIS/Population/Global_2000_2020_Constrained/2020/maxar_v1/TGO/tgo_ppp_2020_constrained.tif,4.33
53,Africa,Tunisia,2020,Population,100m,https://hub.worldpop.org/geodata/summary?id=49895,https://data.worldpop.org/GIS/Population/Global_2000_2020_Constrained/2020/BSGM/TUN/tun_ppp_2020_constrained.tif,5.55
54,Africa,Uganda,2020,Population,100m,https://hub.worldpop.org/geodata/summary?id=49670,https://data.worldpop.org/GIS/Population/Global_2000_2020_Constrained/2020/maxar_v1/UGA/uga_ppp_2020_constrained.tif,23.5
55,Africa,Western Sahara,2020,Population,100m,https://hub.worldpop.org/geodata/summary?id=49667,https://data.worldpop.org/GIS/Population/Global_2000_2020_Constrained/2020/maxar_v1/ESH/esh_ppp_2020_constrained.tif,5.64
56,Africa,Zambia,2020,Population,100m,https://hub.worldpop.org/geodata/summary?id=49673,https://data.worldpop.org/GIS/Population/Global_2000_2020_Constrained/2020/maxar_v1/ZMB/zmb_ppp_2020_constrained.tif,23.77
57,Africa,Zimbabwe,2020,Population,100m,https://hub.worldpop.org/geodata/summary?id=49664,https://data.worldpop.org/GIS/Population/Global_2000_2020_Constrained/2020/maxar_v1/ZWE/zwe_ppp_2020_constrained.tif,22.32
58,Americas,Anguilla,2020,Population,100m,https://hub.worldpop.org/geodata/summary?id=49871,https://data.worldpop.org/GIS/Population/Global_2000_2020_Constrained/2020/BSGM/AIA/aia_ppp_2020_constrained.tif,0.06
59,Americas,Antigua and Barbuda,2020,Population,100m,https://hub.worldpop.org/geodata/summary?id=49740,https://data.worldpop.org/GIS/Population/Global_2000_2020_Constrained/2020/BSGM/ATG/atg_ppp_2020_constrained.tif,0.15
60,Americas,Argentina,2020,Population,100m,https://hub.worldpop.org/geodata/summary?id=49742,https://data.worldpop.org/GIS/Population/Global_2000_2020_Constrained/2020/BSGM/ARG/arg_ppp_2020_constrained.tif,54.7
61,Americas,Aruba,2020,Population,100m,https://hub.worldpop.org/geodata/summary?id=49842,https://data.worldpop.org/GIS/Population/Global_2000_2020_Constrained/2020/BSGM/ABW/abw_ppp_2020_constrained.tif,0.05
62,Americas,Bahamas,2020,Population,100m,https://hub.worldpop.org/geodata/summary?id=49744,https://data.worldpop.org/GIS/Population/Global_2000_2020_Constrained/2020/BSGM/BHS/bhs_ppp_2020_constrained.tif,4.98
63,Americas,Barbados,2020,Population,100m,https://hub.worldpop.org/geodata/summary?id=49748,https://data.worldpop.org/GIS/Population/Global_2000_2020_Constrained/2020/BSGM/BRB/brb_ppp_2020_constrained.tif,0.1
64,Americas,Belize,2020,Population,100m,https://hub.worldpop.org/geodata/summary?id=49754,https://data.worldpop.org/GIS/Population/Global_2000_2020_Constrained/2020/BSGM/BLZ/blz_ppp_2020_constrained.tif,1.0
65,Americas,Bermuda,2020,Population,100m,https://hub.worldpop.org/geodata/summary?id=49750,https://data.worldpop.org/GIS/Population/Global_2000_2020_Constrained/2020/BSGM/BMU/bmu_ppp_2020_constrained.tif,0.04
66,Americas,Bolivia,2020,Population,100m,https://hub.worldpop.org/geodata/summary?id=49752,https://data.worldpop.org/GIS/Population/Global_2000_2020_Constrained/2020/BSGM/BOL/bol_ppp_2020_constrained.tif,14.36
67,Americas,"Bonaire, Sint Eustat",2020,Population,100m,https://hub.worldpop.org/geodata/summary?id=49844,https://data.worldpop.org/GIS/Population/Global_2000_2020_Constrained/2020/BSGM/BES/bes_ppp_2020_constrained.tif,3.56
68,Americas,Brazil,2020,Population,100m,https://hub.worldpop.org/geodata/summary?id=49732,https://data.worldpop.org/GIS/Population/Global_2000_2020_Constrained/2020/BSGM/BRA/bra_ppp_2020_constrained.tif,124.89
69,Americas,British Virgin Islan,2020,Population,100m,https://hub.worldpop.org/geodata/summary?id=49756,https://data.worldpop.org/GIS/Population/Global_2000_2020_Constrained/2020/BSGM/VGB/vgb_ppp_2020_constrained.tif,0.08
70,Americas,Canada,2020,Population,100m,https://hub.worldpop.org/geodata/summary?id=49733,https://data.worldpop.org/GIS/Population/Global_2000_2020_Constrained/2020/BSGM/CAN/can_ppp_2020_constrained.tif,148.06
71,Americas,Cayman Islands,2020,Population,100m,https://hub.worldpop.org/geodata/summary?id=49762,https://data.worldpop.org/GIS/Population/Global_2000_2020_Constrained/2020/BSGM/CYM/cym_ppp_2020_constrained.tif,0.2
72,Americas,Chile,2020,Population,100m,https://hub.worldpop.org/geodata/summary?id=49734,https://data.worldpop.org/GIS/Population/Global_2000_2020_Constrained/2020/BSGM/CHL/chl_ppp_2020_constrained.tif,81.81
73,Americas,Colombia,2020,Population,100m,https://hub.worldpop.org/geodata/summary?id=49765,https://data.worldpop.org/GIS/Population/Global_2000_2020_Constrained/2020/BSGM/COL/col_ppp_2020_constrained.tif,26.51
74,Americas,Costa Rica,2020,Population,100m,https://hub.worldpop.org/geodata/summary?id=49768,https://data.worldpop.org/GIS/Population/Global_2000_2020_Constrained/2020/BSGM/CRI/cri_ppp_2020_constrained.tif,3.99
75,Americas,Cuba,2020,Population,100m,https://hub.worldpop.org/geodata/summary?id=49770,https://data.worldpop.org/GIS/Population/Global_2000_2020_Constrained/2020/BSGM/CUB/cub_ppp_2020_constrained.tif,4.69
76,Americas,CuraÃ§ao,2020,Population,100m,https://hub.worldpop.org/geodata/summary?id=49841,https://data.worldpop.org/GIS/Population/Global_2000_2020_Constrained/2020/BSGM/CUW/cuw_ppp_2020_constrained.tif,0.11
77,Americas,Dominica,2020,Population,100m,https://hub.worldpop.org/geodata/summary?id=49774,https://data.worldpop.org/GIS/Population/Global_2000_2020_Constrained/2020/BSGM/DMA/dma_ppp_2020_constrained.tif,0.03
78,Americas,Dominican Republic,2020,Population,100m,https://hub.worldpop.org/geodata/summary?id=49775,https://data.worldpop.org/GIS/Population/Global_2000_2020_Constrained/2020/BSGM/DOM/dom_ppp_2020_constrained.tif,2.21
79,Americas,Ecuador,2020,Population,100m,https://hub.worldpop.org/geodata/summary?id=49776,https://data.worldpop.org/GIS/Population/Global_2000_2020_Constrained/2020/BSGM/ECU/ecu_ppp_2020_constrained.tif,10.13
80,Americas,El Salvador,2020,Population,100m,https://hub.worldpop.org/geodata/summary?id=49777,https://data.worldpop.org/GIS/Population/Global_2000_2020_Constrained/2020/BSGM/SLV/slv_ppp_2020_constrained.tif,0.98
81,Americas,Falkland Islands (Ma,2020,Population,100m,https://hub.worldpop.org/geodata/summary?id=49780,https://data.worldpop.org/GIS/Population/Global_2000_2020_Constrained/2020/BSGM/FLK/flk_ppp_2020_constrained.tif,1.01
82,Americas,French Guiana,2020,Population,100m,https://hub.worldpop.org/geodata/summary?id=49785,https://data.worldpop.org/GIS/Population/Global_2000_2020_Constrained/2020/BSGM/GUF/guf_ppp_2020_constrained.tif,1.7
83,Americas,Greenland,2020,Population,100m,https://hub.worldpop.org/geodata/summary?id=49729,https://data.worldpop.org/GIS/Population/Global_2000_2020_Constrained/2020/BSGM/GRL/grl_ppp_2020_constrained.tif,55.08
84,Americas,Grenada,2020,Population,100m,https://hub.worldpop.org/geodata/summary?id=49793,https://data.worldpop.org/GIS/Population/Global_2000_2020_Constrained/2020/BSGM/GRD/grd_ppp_2020_constrained.tif,0.06
85,Americas,Guadeloupe,2020,Population,100m,https://hub.worldpop.org/geodata/summary?id=49794,https://data.worldpop.org/GIS/Population/Global_2000_2020_Constrained/2020/BSGM/GLP/glp_ppp_2020_constrained.tif,0.27
86,Americas,Guatemala,2020,Population,100m,https://hub.worldpop.org/geodata/summary?id=49796,https://data.worldpop.org/GIS/Population/Global_2000_2020_Constrained/2020/BSGM/GTM/gtm_ppp_2020_constrained.tif,3.39
87,Americas,Guyana,2020,Population,100m,https://hub.worldpop.org/geodata/summary?id=49797,https://data.worldpop.org/GIS/Population/Global_2000_2020_Constrained/2020/BSGM/GUY/guy_ppp_2020_constrained.tif,4.63
88,Americas,Haiti,2020,Population,100m,https://hub.worldpop.org/geodata/summary?id=49798,https://data.worldpop.org/GIS/Population/Global_2000_2020_Constrained/2020/BSGM/HTI/hti_ppp_2020_constrained.tif,1.52
89,Americas,Honduras,2020,Population,100m,https://hub.worldpop.org/geodata/summary?id=49800,https://data.worldpop.org/GIS/Population/Global_2000_2020_Constrained/2020/BSGM/HND/hnd_ppp_2020_constrained.tif,3.97
90,Americas,Jamaica,2020,Population,100m,https://hub.worldpop.org/geodata/summary?id=49810,https://data.worldpop.org/GIS/Population/Global_2000_2020_Constrained/2020/BSGM/JAM/jam_ppp_2020_constrained.tif,1.09
91,Americas,Martinique,2020,Population,100m,https://hub.worldpop.org/geodata/summary?id=49829,https://data.worldpop.org/GIS/Population/Global_2000_2020_Constrained/2020/BSGM/MTQ/mtq_ppp_2020_constrained.tif,0.27
92,Americas,Mexico,2020,Population,100m,https://hub.worldpop.org/geodata/summary?id=49830,https://data.worldpop.org/GIS/Population/Global_2000_2020_Constrained/2020/BSGM/MEX/mex_ppp_2020_constrained.tif,53.46
93,Americas,Montserrat,2020,Population,100m,https://hub.worldpop.org/geodata/summary?id=49835,https://data.worldpop.org/GIS/Population/Global_2000_2020_Constrained/2020/BSGM/MSR/msr_ppp_2020_constrained.tif,0.01
94,Americas,Nicaragua,2020,Population,100m,https://hub.worldpop.org/geodata/summary?id=49848,https://data.worldpop.org/GIS/Population/Global_2000_2020_Constrained/2020/BSGM/NIC/nic_ppp_2020_constrained.tif,3.2
95,Americas,Panama,2020,Population,100m,https://hub.worldpop.org/geodata/summary?id=49857,https://data.worldpop.org/GIS/Population/Global_2000_2020_Constrained/2020/BSGM/PAN/pan_ppp_2020_constrained.tif,2.17
96,Americas,Paraguay,2020,Population,100m,https://hub.worldpop.org/geodata/summary?id=49859,https://data.worldpop.org/GIS/Population/Global_2000_2020_Constrained/2020/BSGM/PRY/pry_ppp_2020_constrained.tif,7.77
97,Americas,Peru,2020,Population,100m,https://hub.worldpop.org/geodata/summary?id=49860,https://data.worldpop.org/GIS/Population/Global_2000_2020_Constrained/2020/BSGM/PER/per_ppp_2020_constrained.tif,21.97
98,Americas,Puerto Rico,2020,Population,100m,https://hub.worldpop.org/geodata/summary?id=49865,https://data.worldpop.org/GIS/Population/Global_2000_2020_Constrained/2020/BSGM/PRI/pri_ppp_2020_constrained.tif,1.21
99,Americas,Saint BarthÃ©lemy,2020,Population,100m,https://hub.worldpop.org/geodata/summary?id=49868,https://data.worldpop.org/GIS/Population/Global_2000_2020_Constrained/2020/BSGM/BLM/blm_ppp_2020_constrained.tif,0.01
100,Americas,Saint Kitts and Nevi,2020,Population,100m,https://hub.worldpop.org/geodata/summary?id=49870,https://data.worldpop.org/GIS/Population/Global_2000_2020_Constrained/2020/BSGM/KNA/kna_ppp_2020_constrained.tif,0.04
101,Americas,Saint Lucia,2020,Population,100m,https://hub.worldpop.org/geodata/summary?id=49872,https://data.worldpop.org/GIS/Population/Global_2000_2020_Constrained/2020/BSGM/LCA/lca_ppp_2020_constrained.tif,0.05
102,Americas,Saint Martin,2020,Population,100m,https://hub.worldpop.org/geodata/summary?id=49873,https://data.worldpop.org/GIS/Population/Global_2000_2020_Constrained/2020/BSGM/MAF/maf_ppp_2020_constrained.tif,0.01
103,Americas,Saint Pierre and Miq,2020,Population,100m,https://hub.worldpop.org/geodata/summary?id=49874,https://data.worldpop.org/GIS/Population/Global_2000_2020_Constrained/2020/BSGM/SPM/spm_ppp_2020_constrained.tif,0.03
104,Americas,Saint Vincent and th,2020,Population,100m,https://hub.worldpop.org/geodata/summary?id=49875,https://data.worldpop.org/GIS/Population/Global_2000_2020_Constrained/2020/BSGM/VCT/vct_ppp_2020_constrained.tif,0.08
105,Americas,Sint Maarten (Dutch,2020,Population,100m,https://hub.worldpop.org/geodata/summary?id=49843,https://data.worldpop.org/GIS/Population/Global_2000_2020_Constrained/2020/BSGM/SXM/sxm_ppp_2020_constrained.tif,0.01
106,Americas,Suriname,2020,Population,100m,https://hub.worldpop.org/geodata/summary?id=49884,https://data.worldpop.org/GIS/Population/Global_2000_2020_Constrained/2020/BSGM/SUR/sur_ppp_2020_constrained.tif,2.46
107,Americas,Trinidad and Tobago,2020,Population,100m,https://hub.worldpop.org/geodata/summary?id=49893,https://data.worldpop.org/GIS/Population/Global_2000_2020_Constrained/2020/BSGM/TTO/tto_ppp_2020_constrained.tif,0.71
108,Americas,Turks and Caicos Isl,2020,Population,100m,https://hub.worldpop.org/geodata/summary?id=49898,https://data.worldpop.org/GIS/Population/Global_2000_2020_Constrained/2020/BSGM/TCA/tca_ppp_2020_constrained.tif,0.26
109,Americas,United States of Ame,2020,Population,100m,https://hub.worldpop.org/geodata/summary?id=49727,https://data.worldpop.org/GIS/Population/Global_2000_2020_Constrained/2020/BSGM/USA/usa_ppp_2020_constrained.tif,471.47
110,Americas,United States Virgin,2020,Population,100m,https://hub.worldpop.org/geodata/summary?id=49728,https://data.worldpop.org/GIS/Population/Global_2000_2020_Constrained/2020/BSGM/VIR/vir_ppp_2020_constrained.tif,0.25
111,Americas,Uruguay,2020,Population,100m,https://hub.worldpop.org/geodata/summary?id=49907,https://data.worldpop.org/GIS/Population/Global_2000_2020_Constrained/2020/BSGM/URY/ury_ppp_2020_constrained.tif,3.79
112,Americas,Venezuela,2020,Population,100m,https://hub.worldpop.org/geodata/summary?id=49909,https://data.worldpop.org/GIS/Population/Global_2000_2020_Constrained/2020/BSGM/VEN/ven_ppp_2020_constrained.tif,19.8
113,Asia,Afghanistan,2020,Population,100m,https://hub.worldpop.org/geodata/summary?id=49735,https://data.worldpop.org/GIS/Population/Global_2000_2020_Constrained/2020/BSGM/AFG/afg_ppp_2020_constrained.tif,13.47
114,Asia,Armenia,2020,Population,100m,https://hub.worldpop.org/geodata/summary?id=49747,https://data.worldpop.org/GIS/Population/Global_2000_2020_Constrained/2020/BSGM/ARM/arm_ppp_2020_constrained.tif,1.9
115,Asia,Azerbaijan,2020,Population,100m,https://hub.worldpop.org/geodata/summary?id=49741,https://data.worldpop.org/GIS/Population/Global_2000_2020_Constrained/2020/BSGM/AZE/aze_ppp_2020_constrained.tif,5.72
116,Asia,Bahrain,2020,Population,100m,https://hub.worldpop.org/geodata/summary?id=49745,https://data.worldpop.org/GIS/Population/Global_2000_2020_Constrained/2020/BSGM/BHR/bhr_ppp_2020_constrained.tif,0.22
117,Asia,Bangladesh,2020,Population,100m,https://hub.worldpop.org/geodata/summary?id=49746,https://data.worldpop.org/GIS/Population/Global_2000_2020_Constrained/2020/BSGM/BGD/bgd_ppp_2020_constrained.tif,14.02
118,Asia,Bhutan,2020,Population,100m,https://hub.worldpop.org/geodata/summary?id=49751,https://data.worldpop.org/GIS/Population/Global_2000_2020_Constrained/2020/BSGM/BTN/btn_ppp_2020_constrained.tif,0.82
119,Asia,Brunei Darussalam,2020,Population,100m,https://hub.worldpop.org/geodata/summary?id=49757,https://data.worldpop.org/GIS/Population/Global_2000_2020_Constrained/2020/BSGM/BRN/brn_ppp_2020_constrained.tif,0.47
120,Asia,Cambodia,2020,Population,100m,https://hub.worldpop.org/geodata/summary?id=49761,https://data.worldpop.org/GIS/Population/Global_2000_2020_Constrained/2020/BSGM/KHM/khm_ppp_2020_constrained.tif,4.86
121,Asia,China,2020,Population,100m,https://hub.worldpop.org/geodata/summary?id=49730,https://data.worldpop.org/GIS/Population/Global_2000_2020_Constrained/2020/BSGM/CHN/chn_ppp_2020_constrained.tif,656.88
122,Asia,Cyprus,2020,Population,100m,https://hub.worldpop.org/geodata/summary?id=49771,https://data.worldpop.org/GIS/Population/Global_2000_2020_Constrained/2020/BSGM/CYP/cyp_ppp_2020_constrained.tif,1.01
123,Asia,Georgia,2020,Population,100m,https://hub.worldpop.org/geodata/summary?id=49787,https://data.worldpop.org/GIS/Population/Global_2000_2020_Constrained/2020/BSGM/GEO/geo_ppp_2020_constrained.tif,3.31
124,Asia,Hong Kong,2020,Population,100m,https://hub.worldpop.org/geodata/summary?id=49801,https://data.worldpop.org/GIS/Population/Global_2000_2020_Constrained/2020/BSGM/HKG/hkg_ppp_2020_constrained.tif,0.25
125,Asia,India,2020,Population,100m,https://hub.worldpop.org/geodata/summary?id=49804,https://data.worldpop.org/GIS/Population/Global_2000_2020_Constrained/2020/BSGM/IND/ind_ppp_2020_constrained.tif,506.46
126,Asia,Indonesia,2020,Population,100m,https://hub.worldpop.org/geodata/summary?id=49726,https://data.worldpop.org/GIS/Population/Global_2000_2020_Constrained/2020/BSGM/IDN/idn_ppp_2020_constrained.tif,98.33
127,Asia,Iran,2020,Population,100m,https://hub.worldpop.org/geodata/summary?id=49805,https://data.worldpop.org/GIS/Population/Global_2000_2020_Constrained/2020/BSGM/IRN/irn_ppp_2020_constrained.tif,38.47
128,Asia,Iraq,2020,Population,100m,https://hub.worldpop.org/geodata/summary?id=49806,https://data.worldpop.org/GIS/Population/Global_2000_2020_Constrained/2020/BSGM/IRQ/irq_ppp_2020_constrained.tif,13.29
129,Asia,Israel,2020,Population,100m,https://hub.worldpop.org/geodata/summary?id=49808,https://data.worldpop.org/GIS/Population/Global_2000_2020_Constrained/2020/BSGM/ISR/isr_ppp_2020_constrained.tif,2.75
130,Asia,Japan,2020,Population,100m,https://hub.worldpop.org/geodata/summary?id=49811,https://data.worldpop.org/GIS/Population/Global_2000_2020_Constrained/2020/BSGM/JPN/jpn_ppp_2020_constrained.tif,77.1
131,Asia,Jordan,2020,Population,100m,https://hub.worldpop.org/geodata/summary?id=49813,https://data.worldpop.org/GIS/Population/Global_2000_2020_Constrained/2020/BSGM/JOR/jor_ppp_2020_constrained.tif,3.49
132,Asia,Kazakhstan,2020,Population,100m,https://hub.worldpop.org/geodata/summary?id=49812,https://data.worldpop.org/GIS/Population/Global_2000_2020_Constrained/2020/BSGM/KAZ/kaz_ppp_2020_constrained.tif,43.05
133,Asia,Kuwait,2020,Population,100m,https://hub.worldpop.org/geodata/summary?id=49816,https://data.worldpop.org/GIS/Population/Global_2000_2020_Constrained/2020/BSGM/KWT/kwt_ppp_2020_constrained.tif,1.04
134,Asia,Kyrgyz Republic,2020,Population,100m,https://hub.worldpop.org/geodata/summary?id=49817,https://data.worldpop.org/GIS/Population/Global_2000_2020_Constrained/2020/BSGM/KGZ/kgz_ppp_2020_constrained.tif,6.28
135,Asia,Lao People's Democra,2020,Population,100m,https://hub.worldpop.org/geodata/summary?id=49818,https://data.worldpop.org/GIS/Population/Global_2000_2020_Constrained/2020/BSGM/LAO/lao_ppp_2020_constrained.tif,7.21
136,Asia,Lebanon,2020,Population,100m,https://hub.worldpop.org/geodata/summary?id=49819,https://data.worldpop.org/GIS/Population/Global_2000_2020_Constrained/2020/BSGM/LBN/lbn_ppp_2020_constrained.tif,1.36
137,Asia,Macao,2020,Population,100m,https://hub.worldpop.org/geodata/summary?id=49825,https://data.worldpop.org/GIS/Population/Global_2000_2020_Constrained/2020/BSGM/MAC/mac_ppp_2020_constrained.tif,0.01
138,Asia,Malaysia,2020,Population,100m,https://hub.worldpop.org/geodata/summary?id=49826,https://data.worldpop.org/GIS/Population/Global_2000_2020_Constrained/2020/BSGM/MYS/mys_ppp_2020_constrained.tif,16.0
139,Asia,Maldives,2020,Population,100m,https://hub.worldpop.org/geodata/summary?id=49827,https://data.worldpop.org/GIS/Population/Global_2000_2020_Constrained/2020/BSGM/MDV/mdv_ppp_2020_constrained.tif,2.2
140,Asia,Mongolia,2020,Population,100m,https://hub.worldpop.org/geodata/summary?id=49832,https://data.worldpop.org/GIS/Population/Global_2000_2020_Constrained/2020/BSGM/MNG/mng_ppp_2020_constrained.tif,17.99
141,Asia,Myanmar,2020,Population,100m,https://hub.worldpop.org/geodata/summary?id=49759,https://data.worldpop.org/GIS/Population/Global_2000_2020_Constrained/2020/BSGM/MMR/mmr_ppp_2020_constrained.tif,22.64
142,Asia,Nepal,2020,Population,100m,https://hub.worldpop.org/geodata/summary?id=49839,https://data.worldpop.org/GIS/Population/Global_2000_2020_Constrained/2020/BSGM/NPL/npl_ppp_2020_constrained.tif,4.82
143,Asia,North Korea,2020,Population,100m,https://hub.worldpop.org/geodata/summary?id=49814,https://data.worldpop.org/GIS/Population/Global_2000_2020_Constrained/2020/BSGM/PRK/prk_ppp_2020_constrained.tif,5.71
144,Asia,Oman,2020,Population,100m,https://hub.worldpop.org/geodata/summary?id=49837,https://data.worldpop.org/GIS/Population/Global_2000_2020_Constrained/2020/BSGM/OMN/omn_ppp_2020_constrained.tif,9.49
145,Asia,Pakistan,2020,Population,100m,https://hub.worldpop.org/geodata/summary?id=49856,https://data.worldpop.org/GIS/Population/Global_2000_2020_Constrained/2020/BSGM/PAK/pak_ppp_2020_constrained.tif,32.04
146,Asia,Palestinian Territor,2020,Population,100m,https://hub.worldpop.org/geodata/summary?id=49788,https://data.worldpop.org/GIS/Population/Global_2000_2020_Constrained/2020/BSGM/PSE/pse_ppp_2020_constrained.tif,1.04
147,Asia,Philippines,2020,Population,100m,https://hub.worldpop.org/geodata/summary?id=49861,https://data.worldpop.org/GIS/Population/Global_2000_2020_Constrained/2020/BSGM/PHL/phl_ppp_2020_constrained.tif,21.72
148,Asia,Qatar,2020,Population,100m,https://hub.worldpop.org/geodata/summary?id=49866,https://data.worldpop.org/GIS/Population/Global_2000_2020_Constrained/2020/BSGM/QAT/qat_ppp_2020_constrained.tif,0.87
149,Asia,Saudi Arabia,2020,Population,100m,https://hub.worldpop.org/geodata/summary?id=49877,https://data.worldpop.org/GIS/Population/Global_2000_2020_Constrained/2020/BSGM/SAU/sau_ppp_2020_constrained.tif,34.05
150,Asia,Singapore,2020,Population,100m,https://hub.worldpop.org/geodata/summary?id=49879,https://data.worldpop.org/GIS/Population/Global_2000_2020_Constrained/2020/BSGM/SGP/sgp_ppp_2020_constrained.tif,0.2
151,Asia,South Korea,2020,Population,100m,https://hub.worldpop.org/geodata/summary?id=49815,https://data.worldpop.org/GIS/Population/Global_2000_2020_Constrained/2020/BSGM/KOR/kor_ppp_2020_constrained.tif,12.23
152,Asia,Sri Lanka,2020,Population,100m,https://hub.worldpop.org/geodata/summary?id=49763,https://data.worldpop.org/GIS/Population/Global_2000_2020_Constrained/2020/BSGM/LKA/lka_ppp_2020_constrained.tif,3.23
153,Asia,Syrian Arab Republic,2020,Population,100m,https://hub.worldpop.org/geodata/summary?id=49888,https://data.worldpop.org/GIS/Population/Global_2000_2020_Constrained/2020/BSGM/SYR/syr_ppp_2020_constrained.tif,7.42
154,Asia,Taiwan,2020,Population,100m,https://hub.worldpop.org/geodata/summary?id=49764,https://data.worldpop.org/GIS/Population/Global_2000_2020_Constrained/2020/BSGM/TWN/twn_ppp_2020_constrained.tif,7.34
155,Asia,Tajikistan,2020,Population,100m,https://hub.worldpop.org/geodata/summary?id=49889,https://data.worldpop.org/GIS/Population/Global_2000_2020_Constrained/2020/BSGM/TJK/tjk_ppp_2020_constrained.tif,5.13
156,Asia,Thailand,2020,Population,100m,https://hub.worldpop.org/geodata/summary?id=49890,https://data.worldpop.org/GIS/Population/Global_2000_2020_Constrained/2020/BSGM/THA/tha_ppp_2020_constrained.tif,27.54
157,Asia,Timor-Leste,2020,Population,100m,https://hub.worldpop.org/geodata/summary?id=49864,https://data.worldpop.org/GIS/Population/Global_2000_2020_Constrained/2020/BSGM/TLS/tls_ppp_2020_constrained.tif,0.79
158,Asia,Turkiye,2020,Population,100m,https://hub.worldpop.org/geodata/summary?id=49896,https://data.worldpop.org/GIS/Population/Global_2000_2020_Constrained/2020/BSGM/TUR/tur_ppp_2020_constrained.tif,25.3
159,Asia,Turkmenistan,2020,Population,100m,https://hub.worldpop.org/geodata/summary?id=49897,https://data.worldpop.org/GIS/Population/Global_2000_2020_Constrained/2020/BSGM/TKM/tkm_ppp_2020_constrained.tif,9.88
160,Asia,United Arab Emirates,2020,Population,100m,https://hub.worldpop.org/geodata/summary?id=49894,https://data.worldpop.org/GIS/Population/Global_2000_2020_Constrained/2020/BSGM/ARE/are_ppp_2020_constrained.tif,3.45
161,Asia,Uzbekistan,2020,Population,100m,https://hub.worldpop.org/geodata/summary?id=49908,https://data.worldpop.org/GIS/Population/Global_2000_2020_Constrained/2020/BSGM/UZB/uzb_ppp_2020_constrained.tif,19.83
162,Asia,Vietnam,2020,Population,100m,https://hub.worldpop.org/geodata/summary?id=49881,https://data.worldpop.org/GIS/Population/Global_2000_2020_Constrained/2020/BSGM/VNM/vnm_ppp_2020_constrained.tif,25.29
163,Asia,Yemen,2020,Population,100m,https://hub.worldpop.org/geodata/summary?id=49912,https://data.worldpop.org/GIS/Population/Global_2000_2020_Constrained/2020/BSGM/YEM/yem_ppp_2020_constrained.tif,9.34
164,Europe,Albania,2020,Population,100m,https://hub.worldpop.org/geodata/summary?id=49736,https://data.worldpop.org/GIS/Population/Global_2000_2020_Constrained/2020/BSGM/ALB/alb_ppp_2020_constrained.tif,1.77
165,Europe,Andorra,2020,Population,100m,https://hub.worldpop.org/geodata/summary?id=49739,https://data.worldpop.org/GIS/Population/Global_2000_2020_Constrained/2020/BSGM/AND/and_ppp_2020_constrained.tif,0.03
166,Europe,Austria,2020,Population,100m,https://hub.worldpop.org/geodata/summary?id=49743,https://data.worldpop.org/GIS/Population/Global_2000_2020_Constrained/2020/BSGM/AUT/aut_ppp_2020_constrained.tif,6.99
167,Europe,Belarus,2020,Population,100m,https://hub.worldpop.org/geodata/summary?id=49760,https://data.worldpop.org/GIS/Population/Global_2000_2020_Constrained/2020/BSGM/BLR/blr_ppp_2020_constrained.tif,10.03
168,Europe,Belgium,2020,Population,100m,https://hub.worldpop.org/geodata/summary?id=49749,https://data.worldpop.org/GIS/Population/Global_2000_2020_Constrained/2020/BSGM/BEL/bel_ppp_2020_constrained.tif,7.23
169,Europe,Bosnia and Herzegovi,2020,Population,100m,https://hub.worldpop.org/geodata/summary?id=49753,https://data.worldpop.org/GIS/Population/Global_2000_2020_Constrained/2020/BSGM/BIH/bih_ppp_2020_constrained.tif,2.49
170,Europe,Bulgaria,2020,Population,100m,https://hub.worldpop.org/geodata/summary?id=49758,https://data.worldpop.org/GIS/Population/Global_2000_2020_Constrained/2020/BSGM/BGR/bgr_ppp_2020_constrained.tif,5.4
171,Europe,Croatia,2020,Population,100m,https://hub.worldpop.org/geodata/summary?id=49769,https://data.worldpop.org/GIS/Population/Global_2000_2020_Constrained/2020/BSGM/HRV/hrv_ppp_2020_constrained.tif,5.42
172,Europe,Czech Republic,2020,Population,100m,https://hub.worldpop.org/geodata/summary?id=49772,https://data.worldpop.org/GIS/Population/Global_2000_2020_Constrained/2020/BSGM/CZE/cze_ppp_2020_constrained.tif,8.13
173,Europe,Denmark,2020,Population,100m,https://hub.worldpop.org/geodata/summary?id=49773,https://data.worldpop.org/GIS/Population/Global_2000_2020_Constrained/2020/BSGM/DNK/dnk_ppp_2020_constrained.tif,6.49
174,Europe,Estonia,2020,Population,100m,https://hub.worldpop.org/geodata/summary?id=49778,https://data.worldpop.org/GIS/Population/Global_2000_2020_Constrained/2020/BSGM/EST/est_ppp_2020_constrained.tif,2.28
175,Europe,Faroe Islands,2020,Population,100m,https://hub.worldpop.org/geodata/summary?id=49779,https://data.worldpop.org/GIS/Population/Global_2000_2020_Constrained/2020/BSGM/FRO/fro_ppp_2020_constrained.tif,0.34
176,Europe,Finland,2020,Population,100m,https://hub.worldpop.org/geodata/summary?id=49782,https://data.worldpop.org/GIS/Population/Global_2000_2020_Constrained/2020/BSGM/FIN/fin_ppp_2020_constrained.tif,13.86
177,Europe,France,2020,Population,100m,https://hub.worldpop.org/geodata/summary?id=49784,https://data.worldpop.org/GIS/Population/Global_2000_2020_Constrained/2020/BSGM/FRA/fra_ppp_2020_constrained.tif,52.71
178,Europe,Germany,2020,Population,100m,https://hub.worldpop.org/geodata/summary?id=49789,https://data.worldpop.org/GIS/Population/Global_2000_2020_Constrained/2020/BSGM/DEU/deu_ppp_2020_constrained.tif,46.0
179,Europe,Gibraltar,2020,Population,100m,https://hub.worldpop.org/geodata/summary?id=49790,https://data.worldpop.org/GIS/Population/Global_2000_2020_Constrained/2020/BSGM/GIB/gib_ppp_2020_constrained.tif,0.0
180,Europe,Greece,2020,Population,100m,https://hub.worldpop.org/geodata/summary?id=49792,https://data.worldpop.org/GIS/Population/Global_2000_2020_Constrained/2020/BSGM/GRC/grc_ppp_2020_constrained.tif,12.16
181,Europe,Guernsey,2020,Population,100m,https://hub.worldpop.org/geodata/summary?id=49904,https://data.worldpop.org/GIS/Population/Global_2000_2020_Constrained/2020/BSGM/GGY/ggy_ppp_2020_constrained.tif,0.07
182,Europe,Holy See (Vatican Ci,2020,Population,100m,https://hub.worldpop.org/geodata/summary?id=49799,https://data.worldpop.org/GIS/Population/Global_2000_2020_Constrained/2020/BSGM/VAT/vat_ppp_2020_constrained.tif,0.0
183,Europe,Hungary,2020,Population,100m,https://hub.worldpop.org/geodata/summary?id=49802,https://data.worldpop.org/GIS/Population/Global_2000_2020_Constrained/2020/BSGM/HUN/hun_ppp_2020_constrained.tif,11.87
184,Europe,Iceland,2020,Population,100m,https://hub.worldpop.org/geodata/summary?id=49803,https://data.worldpop.org/GIS/Population/Global_2000_2020_Constrained/2020/BSGM/ISL/isl_ppp_2020_constrained.tif,3.36
185,Europe,Ireland,2020,Population,100m,https://hub.worldpop.org/geodata/summary?id=49807,https://data.worldpop.org/GIS/Population/Global_2000_2020_Constrained/2020/BSGM/IRL/irl_ppp_2020_constrained.tif,4.66
186,Europe,Isle of Man,2020,Population,100m,https://hub.worldpop.org/geodata/summary?id=49906,https://data.worldpop.org/GIS/Population/Global_2000_2020_Constrained/2020/BSGM/IMN/imn_ppp_2020_constrained.tif,0.07
187,Europe,Italy,2020,Population,100m,https://hub.worldpop.org/geodata/summary?id=49809,https://data.worldpop.org/GIS/Population/Global_2000_2020_Constrained/2020/BSGM/ITA/ita_ppp_2020_constrained.tif,37.06
188,Europe,Jersey,2020,Population,100m,https://hub.worldpop.org/geodata/summary?id=49905,https://data.worldpop.org/GIS/Population/Global_2000_2020_Constrained/2020/BSGM/JEY/jey_ppp_2020_constrained.tif,0.06
189,Europe,Kosovo,2020,Population,100m,https://hub.worldpop.org/geodata/summary?id=49913,https://data.worldpop.org/GIS/Population/Global_2000_2020_Constrained/2020/BSGM/KOS/kos_ppp_2020_constrained.tif,0.96
190,Europe,Latvia,2020,Population,100m,https://hub.worldpop.org/geodata/summary?id=49820,https://data.worldpop.org/GIS/Population/Global_2000_2020_Constrained/2020/BSGM/LVA/lva_ppp_2020_constrained.tif,2.85
191,Europe,Liechtenstein,2020,Population,100m,https://hub.worldpop.org/geodata/summary?id=49822,https://data.worldpop.org/GIS/Population/Global_2000_2020_Constrained/2020/BSGM/LIE/lie_ppp_2020_constrained.tif,0.03
192,Europe,Lithuania,2020,Population,100m,https://hub.worldpop.org/geodata/summary?id=49823,https://data.worldpop.org/GIS/Population/Global_2000_2020_Constrained/2020/BSGM/LTU/ltu_ppp_2020_constrained.tif,4.29
193,Europe,Luxembourg,2020,Population,100m,https://hub.worldpop.org/geodata/summary?id=49824,https://data.worldpop.org/GIS/Population/Global_2000_2020_Constrained/2020/BSGM/LUX/lux_ppp_2020_constrained.tif,0.4
194,Europe,Macedonia,2020,Population,100m,https://hub.worldpop.org/geodata/summary?id=49901,https://data.worldpop.org/GIS/Population/Global_2000_2020_Constrained/2020/BSGM/MKD/mkd_ppp_2020_constrained.tif,1.16
195,Europe,Malta,2020,Population,100m,https://hub.worldpop.org/geodata/summary?id=49828,https://data.worldpop.org/GIS/Population/Global_2000_2020_Constrained/2020/BSGM/MLT/mlt_ppp_2020_constrained.tif,0.11
196,Europe,Moldova,2020,Population,100m,https://hub.worldpop.org/geodata/summary?id=49833,https://data.worldpop.org/GIS/Population/Global_2000_2020_Constrained/2020/BSGM/MDA/mda_ppp_2020_constrained.tif,3.08
197,Europe,Monaco,2020,Population,100m,https://hub.worldpop.org/geodata/summary?id=49831,https://data.worldpop.org/GIS/Population/Global_2000_2020_Constrained/2020/BSGM/MCO/mco_ppp_2020_constrained.tif,0.0
198,Europe,Montenegro,2020,Population,100m,https://hub.worldpop.org/geodata/summary?id=49834,https://data.worldpop.org/GIS/Population/Global_2000_2020_Constrained/2020/BSGM/MNE/mne_ppp_2020_constrained.tif,0.78
199,Europe,Netherlands,2020,Population,100m,https://hub.worldpop.org/geodata/summary?id=49840,https://data.worldpop.org/GIS/Population/Global_2000_2020_Constrained/2020/BSGM/NLD/nld_ppp_2020_constrained.tif,8.41
200,Europe,Norway,2020,Population,100m,https://hub.worldpop.org/geodata/summary?id=49851,https://data.worldpop.org/GIS/Population/Global_2000_2020_Constrained/2020/BSGM/NOR/nor_ppp_2020_constrained.tif,25.35
201,Europe,Poland,2020,Population,100m,https://hub.worldpop.org/geodata/summary?id=49862,https://data.worldpop.org/GIS/Population/Global_2000_2020_Constrained/2020/BSGM/POL/pol_ppp_2020_constrained.tif,101.02
202,Europe,Portugal,2020,Population,100m,https://hub.worldpop.org/geodata/summary?id=49863,https://data.worldpop.org/GIS/Population/Global_2000_2020_Constrained/2020/BSGM/PRT/prt_ppp_2020_constrained.tif,24.63
203,Europe,Romania,2020,Population,100m,https://hub.worldpop.org/geodata/summary?id=49867,https://data.worldpop.org/GIS/Population/Global_2000_2020_Constrained/2020/BSGM/ROU/rou_ppp_2020_constrained.tif,14.29
204,Europe,Russian Federation,2020,Population,100m,https://hub.worldpop.org/geodata/summary?id=49725,https://data.worldpop.org/GIS/Population/Global_2000_2020_Constrained/2020/BSGM/RUS/rus_ppp_2020_constrained.tif,379.63
205,Europe,San Marino,2020,Population,100m,https://hub.worldpop.org/geodata/summary?id=49876,https://data.worldpop.org/GIS/Population/Global_2000_2020_Constrained/2020/BSGM/SMR/smr_ppp_2020_constrained.tif,0.01
206,Europe,Serbia,2020,Population,100m,https://hub.worldpop.org/geodata/summary?id=49878,https://data.worldpop.org/GIS/Population/Global_2000_2020_Constrained/2020/BSGM/SRB/srb_ppp_2020_constrained.tif,10.72
207,Europe,Slovakia (Slovak Rep,2020,Population,100m,https://hub.worldpop.org/geodata/summary?id=49880,https://data.worldpop.org/GIS/Population/Global_2000_2020_Constrained/2020/BSGM/SVK/svk_ppp_2020_constrained.tif,5.84
208,Europe,Slovenia,2020,Population,100m,https://hub.worldpop.org/geodata/summary?id=49882,https://data.worldpop.org/GIS/Population/Global_2000_2020_Constrained/2020/BSGM/SVN/svn_ppp_2020_constrained.tif,1.68
209,Europe,Spain,2020,Population,100m,https://hub.worldpop.org/geodata/summary?id=49883,https://data.worldpop.org/GIS/Population/Global_2000_2020_Constrained/2020/BSGM/ESP/esp_ppp_2020_constrained.tif,42.27
210,Europe,Svalbard & Jan Mayen,2020,Population,100m,https://hub.worldpop.org/geodata/summary?id=49885,https://data.worldpop.org/GIS/Population/Global_2000_2020_Constrained/2020/BSGM/SJM/sjm_ppp_2020_constrained.tif,19.55
211,Europe,Sweden,2020,Population,100m,https://hub.worldpop.org/geodata/summary?id=49886,https://data.worldpop.org/GIS/Population/Global_2000_2020_Constrained/2020/BSGM/SWE/swe_ppp_2020_constrained.tif,21.69
212,Europe,Switzerland,2020,Population,100m,https://hub.worldpop.org/geodata/summary?id=49887,https://data.worldpop.org/GIS/Population/Global_2000_2020_Constrained/2020/BSGM/CHE/che_ppp_2020_constrained.tif,4.03
213,Europe,Ukraine,2020,Population,100m,https://hub.worldpop.org/geodata/summary?id=49900,https://data.worldpop.org/GIS/Population/Global_2000_2020_Constrained/2020/BSGM/UKR/ukr_ppp_2020_constrained.tif,35.48
214,Europe,United Kingdom of Gr,2020,Population,100m,https://hub.worldpop.org/geodata/summary?id=49903,https://data.worldpop.org/GIS/Population/Global_2000_2020_Constrained/2020/BSGM/GBR/gbr_ppp_2020_constrained.tif,32.71
215,Europe,Ãland Islands,2020,Population,100m,https://hub.worldpop.org/geodata/summary?id=49783,https://data.worldpop.org/GIS/Population/Global_2000_2020_Constrained/2020/BSGM/ALA/ala_ppp_2020_constrained.tif,0.36
216,Oceania,American Samoa,2020,Population,100m,https://hub.worldpop.org/geodata/summary?id=49738,https://data.worldpop.org/GIS/Population/Global_2000_2020_Constrained/2020/BSGM/ASM/asm_ppp_2020_constrained.tif,1.6
217,Oceania,Australia,2020,Population,100m,https://hub.worldpop.org/geodata/summary?id=49731,https://data.worldpop.org/GIS/Population/Global_2000_2020_Constrained/2020/BSGM/AUS/aus_ppp_2020_constrained.tif,136.25
218,Oceania,Cook Islands,2020,Population,100m,https://hub.worldpop.org/geodata/summary?id=49767,https://data.worldpop.org/GIS/Population/Global_2000_2020_Constrained/2020/BSGM/COK/cok_ppp_2020_constrained.tif,10.37
219,Oceania,Fiji,2020,Population,100m,https://hub.worldpop.org/geodata/summary?id=49781,https://data.worldpop.org/GIS/Population/Global_2000_2020_Constrained/2020/BSGM/FJI/fji_ppp_2020_constrained.tif,51.67
220,Oceania,French Polynesia,2020,Population,100m,https://hub.worldpop.org/geodata/summary?id=49786,https://data.worldpop.org/GIS/Population/Global_2000_2020_Constrained/2020/BSGM/PYF/pyf_ppp_2020_constrained.tif,25.15
221,Oceania,Guam,2020,Population,100m,https://hub.worldpop.org/geodata/summary?id=49795,https://data.worldpop.org/GIS/Population/Global_2000_2020_Constrained/2020/BSGM/GUM/gum_ppp_2020_constrained.tif,0.07
222,Oceania,Kiribati,2020,Population,100m,https://hub.worldpop.org/geodata/summary?id=49791,https://data.worldpop.org/GIS/Population/Global_2000_2020_Constrained/2020/BSGM/KIR/kir_ppp_2020_constrained.tif,95.69
223,Oceania,Marshall Islands,2020,Population,100m,https://hub.worldpop.org/geodata/summary?id=49854,https://data.worldpop.org/GIS/Population/Global_2000_2020_Constrained/2020/BSGM/MHL/mhl_ppp_2020_constrained.tif,9.35
224,Oceania,Micronesia,2020,Population,100m,https://hub.worldpop.org/geodata/summary?id=49853,https://data.worldpop.org/GIS/Population/Global_2000_2020_Constrained/2020/BSGM/FSM/fsm_ppp_2020_constrained.tif,12.98
225,Oceania,Nauru,2020,Population,100m,https://hub.worldpop.org/geodata/summary?id=49838,https://data.worldpop.org/GIS/Population/Global_2000_2020_Constrained/2020/BSGM/NRU/nru_ppp_2020_constrained.tif,0.0
226,Oceania,New Caledonia,2020,Population,100m,https://hub.worldpop.org/geodata/summary?id=49845,https://data.worldpop.org/GIS/Population/Global_2000_2020_Constrained/2020/BSGM/NCL/ncl_ppp_2020_constrained.tif,5.57
227,Oceania,New Zealand,2020,Population,100m,https://hub.worldpop.org/geodata/summary?id=49847,https://data.worldpop.org/GIS/Population/Global_2000_2020_Constrained/2020/BSGM/NZL/nzl_ppp_2020_constrained.tif,147.1
228,Oceania,Niue,2020,Population,100m,https://hub.worldpop.org/geodata/summary?id=49849,https://data.worldpop.org/GIS/Population/Global_2000_2020_Constrained/2020/BSGM/NIU/niu_ppp_2020_constrained.tif,0.01
229,Oceania,Norfolk Island,2020,Population,100m,https://hub.worldpop.org/geodata/summary?id=49850,https://data.worldpop.org/GIS/Population/Global_2000_2020_Constrained/2020/BSGM/NFK/nfk_ppp_2020_constrained.tif,0.0
230,Oceania,Northern Mariana Isl,2020,Population,100m,https://hub.worldpop.org/geodata/summary?id=49852,https://data.worldpop.org/GIS/Population/Global_2000_2020_Constrained/2020/BSGM/MNP/mnp_ppp_2020_constrained.tif,1.85
231,Oceania,Palau,2020,Population,100m,https://hub.worldpop.org/geodata/summary?id=49855,https://data.worldpop.org/GIS/Population/Global_2000_2020_Constrained/2020/BSGM/PLW/plw_ppp_2020_constrained.tif,1.59
232,Oceania,Papua New Guinea,2020,Population,100m,https://hub.worldpop.org/geodata/summary?id=49858,https://data.worldpop.org/GIS/Population/Global_2000_2020_Constrained/2020/BSGM/PNG/png_ppp_2020_constrained.tif,12.52
233,Oceania,Samoa,2020,Population,100m,https://hub.worldpop.org/geodata/summary?id=49911,https://data.worldpop.org/GIS/Population/Global_2000_2020_Constrained/2020/BSGM/WSM/wsm_ppp_2020_constrained.tif,0.22
234,Oceania,Solomon Islands,2020,Population,100m,https://hub.worldpop.org/geodata/summary?id=49755,https://data.worldpop.org/GIS/Population/Global_2000_2020_Constrained/2020/BSGM/SLB/slb_ppp_2020_constrained.tif,8.31
235,Oceania,Tokelau,2020,Population,100m,https://hub.worldpop.org/geodata/summary?id=49891,https://data.worldpop.org/GIS/Population/Global_2000_2020_Constrained/2020/BSGM/TKL/tkl_ppp_2020_constrained.tif,0.28
236,Oceania,Tonga,2020,Population,100m,https://hub.worldpop.org/geodata/summary?id=49892,https://data.worldpop.org/GIS/Population/Global_2000_2020_Constrained/2020/BSGM/TON/ton_ppp_2020_constrained.tif,2.83
237,Oceania,Tuvalu,2020,Population,100m,https://hub.worldpop.org/geodata/summary?id=49899,https://data.worldpop.org/GIS/Population/Global_2000_2020_Constrained/2020/BSGM/TUV/tuv_ppp_2020_constrained.tif,2.68
238,Oceania,Vanuatu,2020,Population,100m,https://hub.worldpop.org/geodata/summary?id=49846,https://data.worldpop.org/GIS/Population/Global_2000_2020_Constrained/2020/BSGM/VUT/vut_ppp_2020_constrained.tif,5.93
239,Oceania,Wallis and Futuna,2020,Population,100m,https://hub.worldpop.org/geodata/summary?id=49910,https://data.worldpop.org/GIS/Population/Global_2000_2020_Constrained/2020/BSGM/WLF/wlf_ppp_2020_constrained.tif,0.45
